Post ID,User Interactions,Likes,Comments_Count,Shares,Follower Count,Following Count,Content Types,HashTags,Gender Demographics,Age Demographics
1,119,126,97,6,2181,524,Photos,#EthnicWear,Female,18 -24
2,91,175,93,8,1401,488,Photos,#EthnicWear,Female,18 -24
3,11,171,83,8,2511,660,Photos,#EthnicWear,Female,18 -24
4,83,70,2,4,1852,344,Photos,#EthnicWear,Female,18 -24
5,150,93,10,0,1063,103,Photos,#EthnicWear,Female,18 -24
6,180,5,44,7,3920,253,Reels,#EthnicWear,Female,18 -24
7,182,199,22,2,4153,444,Reels,#EthnicWear,Female,18 -24
8,6,31,19,10,1371,759,Reels,#EthnicWear,Female,18 -24
9,37,154,53,6,1688,705,Photos,#EthnicWear,Female,18 -24
10,94,116,14,5,607,716,Photos,#EthnicWear,Unisex,13-17
11,112,118,81,6,517,736,Reels,#EthnicWear,Unisex,18 -24
12,114,154,51,7,2730,616,Photos,#EthnicWear,Female,18 -24
13,127,52,27,6,3331,721,Photos,#EthnicWear,Male,25-34
14,124,133,30,2,4405,795,Reels,#EthnicWear,Male,25-34
15,135,129,31,3,659,861,Reels,#EthnicWear,Male,25-34
16,134,55,15,10,1709,589,Photos,#EthnicWear,Male,25-34
17,75,55,58,6,4356,331,Reels,#EthnicWear,Male,25-34
18,125,164,99,4,647,98,Reels,#EthnicWear,Male,13-17
19,30,86,9,7,2018,816,Reels,#EthnicWear,Male,13-17
20,131,53,74,10,4032,72,Photos,#EthnicWear,Male,13-17
21,125,84,37,4,1092,372,Photos,#EthnicWear,Male,13-17
22,62,60,27,2,4940,722,Reels,#EthnicWear,Male,13-17
23,110,14,38,0,3067,615,Reels,#EthnicWear,Male,18 -24
24,30,26,88,2,1730,210,Photos,#EthnicWear,Male,18 -24
25,77,48,71,6,394,640,Photos,#EthnicWear,Unisex,25-34
26,33,61,72,6,3750,559,Reels,#EthnicWear,Female,18 -24
27,31,31,53,3,321,854,Photos,#EthnicWear,Female,18 -24
28,65,163,25,8,3963,478,Reels,#EthnicWear,Female,18 -24
29,135,116,12,7,1738,719,Reels,#EthnicWear,Female,18 -24
30,143,99,68,6,4919,487,Photos,#EthnicWear,Female,18 -24
31,64,129,72,0,490,920,Reels,#EthnicWear,Female,25-34
32,9,157,42,8,624,830,Photos,#EthnicWear,Female,25-34
33,141,44,20,8,2757,33,Reels,#EthnicWear,Female,25-34
34,72,42,76,2,4183,344,Reels,#EthnicWear,Female,25-34
35,63,25,41,4,2692,986,Photos,#EthnicWear,Female,25-34
36,70,176,15,0,4586,587,Photos,#EthnicWear,Female,25-34
37,166,1,18,8,2092,677,Reels,#EthnicWear,Female,25-34
38,181,170,40,4,2374,154,Photos,#EthnicWear,Female,25-34
39,35,39,49,9,2989,222,Reels,#EthnicWear,Female,25-34
40,152,65,29,7,1564,299,Photos,#EthnicWear,Female,25-34
41,32,117,59,0,1969,43,Photos,#EthnicWear,Female,25-34
42,120,73,91,0,1836,33,Reels,#EthnicWear,Female,25-34
43,32,119,48,10,3379,63,Reels,#EthnicWear,Female,25-34
44,187,148,51,1,2759,522,Photos,#EthnicWear,Female,25-34
45,106,46,58,4,777,373,Photos,#EthnicWear,Female,25-34
46,150,140,10,4,2661,931,Photos,#EthnicWear,Male,18 -24
47,43,129,72,2,295,974,Reels,#EthnicWear,Male,18 -24
48,162,34,2,5,417,429,Photos,#EthnicWear,Unisex,35-44
49,197,187,43,1,958,936,Reels,#EthnicWear,Male,25-34
50,157,130,35,2,622,120,Reels,#EthnicWear,Male,25-34
51,115,48,56,0,1372,152,Reels,#EthnicWear,Male,25-34
52,99,60,20,6,226,520,Photos,#EthnicWear,Male,25-34
53,110,157,4,7,2945,878,Photos,#EthnicWear,Male,25-34
54,132,171,82,7,4153,219,Photos,#EthnicWear,Male,18 -24
55,67,82,23,10,466,205,Reels,#EthnicWear,Unisex,45-50+
56,179,149,44,7,1807,441,Reels,#EthnicWear,Female,18 -24
57,0,99,12,7,299,212,Photos,#EthnicWear,Female,18 -24
58,13,81,41,6,3486,516,Photos,#EthnicWear,Female,18 -24
59,41,142,39,1,1983,579,Photos,#EthnicWear,Female,18 -24
60,127,31,13,3,926,275,Photos,#EthnicWear,Female,18 -24
61,132,187,10,7,4127,711,Photos,#EthnicWear,Female,45-50+
62,165,190,37,0,2622,246,Photos,#EthnicWear,Female,45-50+
63,9,85,44,0,1339,50,Photos,#EthnicWear,Female,45-50+
64,147,31,76,10,1442,236,Reels,#EthnicWear,Female,45-50+
65,9,22,34,1,79,621,Photos,#EthnicWear,Unisex,13-17
66,126,19,21,2,2354,44,Photos,#EthnicWear,Female,45-50+
67,179,95,53,2,4456,4,Photos,#EthnicWear,Female,45-50+
68,177,127,75,7,3655,39,Photos,#EthnicWear,Female,45-50+
69,36,126,4,8,2302,353,Reels,#EthnicWear,Female,45-50+
70,120,83,72,9,3184,197,Photos,#EthnicWear,Female,45-50+
71,124,123,21,0,2637,658,Reels,#EthnicWear,Female,45-50+
72,170,100,49,1,4056,138,Reels,#EthnicWear,Female,18 -24
73,39,0,52,9,4716,718,Photos,#EthnicWear,Female,18 -24
74,39,117,6,3,4547,523,Photos,#EthnicWear,Female,18 -24
75,81,110,100,5,3036,909,Photos,#EthnicWear,Female,18 -24
76,183,172,98,7,3757,966,Photos,#EthnicWear,Female,18 -24
77,71,156,100,0,3832,684,Reels,#EthnicWear,Male,25-34
78,125,184,92,8,527,339,Reels,#EthnicWear,Male,25-34
79,189,40,67,10,1641,154,Reels,#EthnicWear,Male,25-34
80,46,12,58,2,1616,611,Reels,#EthnicWear,Male,25-34
81,55,66,100,3,4663,173,Reels,#EthnicWear,Male,25-34
82,174,125,82,2,235,442,Reels,#EthnicWear,Unisex,18 -24
83,167,75,68,0,4014,436,Reels,#EthnicWear,Male,18 -24
84,136,104,87,4,2462,626,Photos,#EthnicWear,Male,18 -24
85,83,113,55,1,158,864,Photos,#EthnicWear,Unisex,25-34
86,159,106,96,10,4909,341,Photos,#EthnicWear,Male,25-34
87,159,198,22,6,3466,364,Reels,#EthnicWear,Male,25-34
88,114,168,46,7,1773,73,Reels,#EthnicWear,Male,25-34
89,60,26,17,5,1381,397,Reels,#EthnicWear,Male,25-34
90,2,25,61,5,1057,816,Reels,#EthnicWear,Male,25-34
91,44,76,33,5,4101,953,Reels,#EthnicWear,Male,18 -24
92,139,121,39,2,1417,362,Photos,#EthnicWear,Male,18 -24
93,132,84,54,10,3504,91,Photos,#EthnicWear,Male,18 -24
94,47,165,64,0,1951,984,Photos,#EthnicWear,Male,18 -24
95,141,148,6,9,3579,647,Photos,#EthnicWear,Male,18 -24
96,135,78,28,2,4716,622,Photos,#EthnicWear,Male,18 -24
97,112,171,17,0,4077,251,Reels,#EthnicWear,Male,45-50+
98,197,7,84,10,783,529,Reels,#EthnicWear,Male,45-50+
99,46,30,36,0,3731,862,Photos,#EthnicWear,Male,45-50+
100,17,39,63,8,477,236,Photos,#EthnicWear,Unisex,35-44
101,118,190,22,1,4563,343,Photos,#EthnicWear,Female,18 -24
102,72,70,83,3,4528,836,Reels,#EthnicWear,Female,18 -24
103,54,141,85,5,4607,823,Reels,#EthnicWear,Female,18 -24
104,149,16,53,4,3306,906,Photos,#EthnicWear,Female,18 -24
105,34,55,8,7,2263,441,Reels,#EthnicWear,Female,18 -24
106,86,88,69,4,2536,967,Photos,#EthnicWear,Female,13-17
107,157,4,55,4,3075,967,Photos,#EthnicWear,Female,13-17
108,111,114,37,4,3367,745,Photos,#EthnicWear,Female,13-17
109,21,49,17,5,2528,118,Reels,#EthnicWear,Female,13-17
110,157,13,80,10,4791,274,Reels,#EthnicWear,Female,13-17
111,81,200,96,7,3470,289,Photos,#EthnicWear,Female,13-17
112,36,120,51,9,3381,488,Photos,#EthnicWear,Female,13-17
113,32,91,69,4,2902,986,Reels,#EthnicWear,Female,13-17
114,185,177,67,1,2440,483,Photos,#EthnicWear,Female,13-17
115,90,88,83,9,1327,427,Reels,#EthnicWear,Female,13-17
116,9,114,10,7,3004,840,Photos,#EthnicWear,Female,45-50+
117,33,102,52,7,4488,194,Photos,#EthnicWear,Female,45-50+
118,111,152,76,10,1382,29,Reels,#EthnicWear,Female,45-50+
119,168,76,89,0,744,672,Reels,#EthnicWear,Female,45-50+
120,165,129,80,5,4476,605,Reels,#EthnicWear,Female,45-50+
121,55,173,46,4,1515,664,Photos,#EthnicWear,Male,45-50+
122,47,157,12,10,3000,374,Reels,#EthnicWear,Male,45-50+
123,34,103,49,4,951,552,Photos,#EthnicWear,Male,45-50+
124,108,104,81,5,4685,178,Photos,#EthnicWear,Male,45-50+
125,26,10,33,8,3966,608,Photos,#EthnicWear,Male,45-50+
126,5,135,89,1,4754,444,Reels,#EthnicWear,Male,45-50+
127,16,161,71,4,3484,477,Reels,#EthnicWear,Male,45-50+
128,162,148,13,1,2452,813,Reels,#EthnicWear,Male,45-50+
129,127,6,31,7,3586,847,Reels,#EthnicWear,Male,45-50+
130,150,20,69,2,1726,80,Reels,#EthnicWear,Female,25-34
131,180,65,97,8,1291,625,Photos,#EthnicWear,Female,25-34
132,133,38,55,6,3919,837,Reels,#EthnicWear,Female,25-34
133,185,41,35,7,1495,641,Photos,#EthnicWear,Female,25-34
134,88,136,4,5,4942,805,Photos,#EthnicWear,Female,25-34
135,96,117,73,0,1741,352,Reels,#EthnicWear,Female,18 -24
136,10,168,43,1,1421,411,Photos,#EthnicWear,Female,18 -24
137,140,90,91,5,1958,273,Photos,#EthnicWear,Female,18 -24
138,69,77,59,8,4799,451,Reels,#EthnicWear,Female,18 -24
139,140,23,31,6,3891,27,Photos,#EthnicWear,Female,18 -24
140,107,66,39,5,1722,915,Photos,#EthnicWear,Male,45-50+
141,199,42,36,1,1507,145,Reels,#EthnicWear,Male,45-50+
142,150,102,70,9,4092,325,Reels,#EthnicWear,Male,45-50+
143,147,68,0,3,3928,951,Reels,#EthnicWear,Male,45-50+
144,192,3,63,9,215,562,Reels,#EthnicWear,Male,45-50+
145,136,169,26,8,51,201,Reels,#EthnicWear,Unisex,45-50+
146,51,127,79,0,4269,10,Photos,#EthnicWear,Female,45-50+
147,9,190,8,5,3727,485,Reels,#EthnicWear,Female,45-50+
148,19,78,75,2,586,221,Photos,#EthnicWear,Female,45-50+
149,153,104,74,2,3542,601,Reels,#EthnicWear,Female,45-50+
150,133,164,48,8,4015,203,Photos,#EthnicWear,Female,45-50+
151,132,171,45,5,3178,184,Photos,#EthnicWear,Male,35-44
152,7,17,32,0,571,742,Reels,#EthnicWear,Male,35-44
153,101,200,24,6,3978,870,Reels,#EthnicWear,Male,35-44
154,142,86,23,8,598,19,Photos,#EthnicWear,Male,35-44
155,35,108,33,1,2691,524,Reels,#EthnicWear,Male,35-44
156,89,64,68,1,2734,669,Reels,#EthnicWear,Female,13-17
157,21,165,62,0,2186,814,Photos,#EthnicWear,Female,13-17
158,122,101,20,10,4972,622,Photos,#EthnicWear,Female,13-17
159,18,184,28,1,2019,486,Reels,#EthnicWear,Female,13-17
160,85,47,95,1,877,940,Photos,#EthnicWear,Female,13-17
161,139,59,11,10,1483,496,Photos,#EthnicWear,Female,35-44
162,159,91,85,3,2860,976,Photos,#EthnicWear,Female,35-44
163,189,100,65,3,109,308,Reels,#EthnicWear,Female,35-44
164,124,8,56,7,3701,487,Photos,#EthnicWear,Female,35-44
165,20,175,61,4,4123,392,Reels,#EthnicWear,Female,35-44
166,3,119,42,3,1486,995,Reels,#EthnicWear,Female,35-44
167,192,188,57,3,2524,841,Photos,#EthnicWear,Female,35-44
168,13,179,0,6,2518,99,Photos,#EthnicWear,Female,35-44
169,130,35,76,10,2685,657,Photos,#EthnicWear,Female,35-44
170,168,198,86,0,1832,478,Reels,#EthnicWear,Female,35-44
171,10,25,67,7,1244,179,Reels,#EthnicWear,Male,25-34
172,38,93,26,7,4676,391,Photos,#EthnicWear,Male,25-34
173,103,79,75,1,2562,724,Photos,#EthnicWear,Male,25-34
174,200,63,20,9,2284,137,Reels,#EthnicWear,Male,25-34
175,78,181,13,4,4703,217,Photos,#EthnicWear,Male,25-34
176,40,66,18,9,1326,425,Photos,#EthnicWear,Male,35-44
177,178,184,7,5,2521,10,Photos,#EthnicWear,Male,35-44
178,5,187,61,7,2375,961,Reels,#EthnicWear,Male,35-44
179,144,82,39,0,3405,854,Photos,#EthnicWear,Male,35-44
180,46,79,18,1,3452,341,Reels,#EthnicWear,Male,35-44
181,65,161,51,4,1789,880,Reels,#EthnicWear,Male,35-44
182,119,130,50,6,1867,125,Photos,#EthnicWear,Male,35-44
183,2,106,8,3,3603,158,Photos,#EthnicWear,Male,35-44
184,197,195,3,6,352,700,Photos,#EthnicWear,Male,35-44
185,70,45,14,10,1233,948,Photos,#EthnicWear,Female,25-34
186,79,136,34,9,3986,275,Reels,#EthnicWear,Female,25-34
187,101,130,4,9,890,531,Reels,#EthnicWear,Female,25-34
188,58,132,13,9,3219,433,Photos,#EthnicWear,Female,25-34
189,96,165,62,1,2651,700,Photos,#EthnicWear,Female,25-34
190,137,147,4,9,2800,648,Reels,#EthnicWear,Female,25-34
191,191,17,98,9,196,593,Photos,#EthnicWear,Female,25-34
192,97,53,5,6,1278,963,Photos,#EthnicWear,Female,25-34
193,60,69,36,10,3632,737,Photos,#EthnicWear,Female,25-34
194,105,89,26,1,3148,811,Photos,#EthnicWear,Female,25-34
195,13,33,66,10,4195,865,Reels,#EthnicWear,Male,35-44
196,148,197,52,5,2607,919,Photos,#EthnicWear,Male,35-44
197,61,110,23,5,3001,695,Reels,#EthnicWear,Male,35-44
198,41,188,46,7,404,953,Photos,#EthnicWear,Male,45-50+
199,195,147,94,5,1365,577,Reels,#EthnicWear,Male,45-50+
200,166,12,26,9,4064,745,Reels,#EthnicWear,Male,45-50+
201,16,80,10,4,4738,816,Photos,#SeasonalFashion,Female,18 -24
202,175,177,48,1,1792,929,Reels,#SeasonalFashion,Female,18 -24
203,89,49,32,6,4376,722,Reels,#SeasonalFashion,Female,18 -24
204,167,107,72,2,232,72,Photos,#SeasonalFashion,Female,18 -24
205,31,198,61,10,865,791,Reels,#SeasonalFashion,Female,18 -24
206,102,200,85,0,4483,905,Reels,#SeasonalFashion,Female,18 -24
207,21,161,94,6,224,148,Reels,#SeasonalFashion,Unisex,13-17
208,32,9,30,4,353,542,Photos,#SeasonalFashion,Unisex,13-17
209,78,124,70,9,3265,412,Photos,#SeasonalFashion,Female,18 -24
210,98,33,55,5,2628,42,Reels,#SeasonalFashion,Female,18 -24
211,189,193,90,3,850,532,Reels,#SeasonalFashion,Female,18 -24
212,8,8,91,5,3184,745,Photos,#SeasonalFashion,Female,18 -24
213,193,169,21,4,2792,648,Reels,#SeasonalFashion,Female,18 -24
214,123,149,46,3,3282,738,Reels,#SeasonalFashion,Female,18 -24
215,77,196,61,8,4307,917,Photos,#SeasonalFashion,Female,18 -24
216,67,194,40,7,3903,118,Photos,#SeasonalFashion,Female,18 -24
217,151,19,13,3,4092,279,Photos,#SeasonalFashion,Female,18 -24
218,172,26,92,4,1253,297,Photos,#SeasonalFashion,Female,18 -24
219,58,183,78,1,322,57,Photos,#SeasonalFashion,Unisex,13-17
220,95,176,54,10,2507,935,Reels,#SeasonalFashion,Female,18 -24
221,27,165,78,9,1544,152,Reels,#SeasonalFashion,Female,18 -24
222,15,18,77,6,3664,631,Reels,#SeasonalFashion,Female,18 -24
223,42,175,13,8,4544,808,Photos,#SeasonalFashion,Female,18 -24
224,149,88,21,0,340,918,Photos,#SeasonalFashion,Unisex,13-17
225,6,54,64,6,1652,387,Photos,#SeasonalFashion,Female,18 -24
226,148,119,37,0,3317,659,Photos,#SeasonalFashion,Female,18 -24
227,106,45,32,0,191,238,Photos,#SeasonalFashion,Unisex,13-17
228,99,78,46,3,1329,907,Reels,#SeasonalFashion,Female,18 -24
229,53,96,41,5,781,525,Photos,#SeasonalFashion,Female,18 -24
230,23,166,74,9,1761,76,Photos,#SeasonalFashion,Female,18 -24
231,50,139,80,3,2396,660,Reels,#SeasonalFashion,Female,13-17
232,183,37,97,10,884,396,Photos,#SeasonalFashion,Female,13-17
233,163,0,22,5,4124,841,Photos,#SeasonalFashion,Female,13-17
234,1,140,52,2,212,91,Photos,#SeasonalFashion,Unisex,18 -24
235,196,111,10,2,2267,428,Photos,#SeasonalFashion,Female,13-17
236,125,156,0,6,1959,77,Photos,#SeasonalFashion,Female,13-17
237,63,14,1,10,4478,811,Photos,#SeasonalFashion,Female,13-17
238,19,162,73,4,3660,94,Photos,#SeasonalFashion,Female,13-17
239,200,139,46,8,4928,644,Photos,#SeasonalFashion,Female,13-17
240,114,192,12,6,1753,119,Photos,#SeasonalFashion,Female,13-17
241,57,123,79,0,2336,917,Reels,#SeasonalFashion,Female,13-17
242,147,19,49,10,3334,670,Reels,#SeasonalFashion,Female,13-17
243,45,134,44,5,4087,867,Photos,#SeasonalFashion,Female,13-17
244,153,142,78,10,404,628,Reels,#SeasonalFashion,Unisex,18 -24
245,68,181,95,10,835,829,Photos,#SeasonalFashion,Male,18 -24
246,179,167,75,8,939,913,Reels,#SeasonalFashion,Male,18 -24
247,82,185,90,1,2281,784,Photos,#SeasonalFashion,Male,18 -24
248,188,193,96,0,4113,694,Photos,#SeasonalFashion,Male,18 -24
249,25,75,56,1,4932,733,Reels,#SeasonalFashion,Male,18 -24
250,155,134,100,4,599,129,Photos,#SeasonalFashion,Unisex,18 -24
251,47,127,70,5,1862,192,Photos,#SeasonalFashion,Male,18 -24
252,102,46,68,4,3992,410,Reels,#SeasonalFashion,Male,18 -24
253,14,188,84,0,1687,331,Photos,#SeasonalFashion,Male,18 -24
254,134,93,53,0,664,628,Photos,#SeasonalFashion,Unisex,18 -24
255,46,81,13,4,666,943,Reels,#SeasonalFashion,Unisex,18 -24
256,86,177,50,10,1710,867,Photos,#SeasonalFashion,Male,18 -24
257,68,173,38,8,2085,64,Reels,#SeasonalFashion,Male,18 -24
258,20,153,58,6,3012,253,Photos,#SeasonalFashion,Male,18 -24
259,23,16,58,9,4731,249,Photos,#SeasonalFashion,Male,18 -24
260,143,104,60,2,720,571,Reels,#SeasonalFashion,Male,18 -24
261,131,142,87,7,4995,130,Reels,#SeasonalFashion,Male,18 -24
262,83,157,50,6,2644,381,Photos,#SeasonalFashion,Male,18 -24
263,71,132,8,5,4298,390,Reels,#SeasonalFashion,Male,18 -24
264,151,42,62,1,1721,819,Photos,#SeasonalFashion,Male,18 -24
265,171,135,58,9,2211,390,Photos,#SeasonalFashion,Male,18 -24
266,183,33,1,1,2448,576,Reels,#SeasonalFashion,Male,18 -24
267,93,29,2,5,2487,846,Photos,#SeasonalFashion,Male,18 -24
268,19,199,8,4,3428,530,Photos,#SeasonalFashion,Male,13-17
269,145,87,82,3,3560,264,Reels,#SeasonalFashion,Male,13-17
270,136,16,97,3,4312,999,Photos,#SeasonalFashion,Male,13-17
271,128,15,78,10,3410,868,Reels,#SeasonalFashion,Male,13-17
272,50,134,82,4,1093,999,Photos,#SeasonalFashion,Male,13-17
273,27,81,21,1,2209,142,Reels,#SeasonalFashion,Male,13-17
274,193,118,26,6,4783,501,Reels,#SeasonalFashion,Male,13-17
275,161,58,13,0,2354,643,Reels,#SeasonalFashion,Male,25-34
276,47,34,87,7,4254,912,Photos,#SeasonalFashion,Male,25-34
277,30,15,38,10,437,994,Reels,#SeasonalFashion,Unisex,25-34
278,48,164,94,8,1246,178,Reels,#SeasonalFashion,Male,25-34
279,7,182,84,6,3983,885,Photos,#SeasonalFashion,Male,25-34
280,63,120,34,8,742,629,Photos,#SeasonalFashion,Unisex,25-34
281,30,154,5,6,2021,380,Reels,#SeasonalFashion,Male,25-34
282,52,77,79,5,153,776,Reels,#SeasonalFashion,Unisex,25-34
283,81,126,23,0,3139,979,Reels,#SeasonalFashion,Male,25-34
284,11,140,27,4,4534,317,Reels,#SeasonalFashion,Male,25-34
285,155,28,37,3,4889,30,Reels,#SeasonalFashion,Male,25-34
286,128,86,58,7,3221,985,Reels,#SeasonalFashion,Male,25-34
287,52,163,69,3,3173,106,Reels,#SeasonalFashion,Male,25-34
288,46,66,52,3,433,616,Reels,#SeasonalFashion,Unisex,25-34
289,131,118,17,0,2840,595,Reels,#SeasonalFashion,Male,25-34
290,90,19,66,9,3172,59,Reels,#SeasonalFashion,Male,25-34
291,35,31,93,2,4981,10,Reels,#SeasonalFashion,Male,25-34
292,123,93,76,4,2946,931,Photos,#SeasonalFashion,Male,25-34
293,48,184,49,6,4124,926,Reels,#SeasonalFashion,Male,25-34
294,80,102,26,6,1332,443,Photos,#SeasonalFashion,Male,35-44
295,61,114,18,7,175,99,Reels,#SeasonalFashion,Unisex,25-34
296,4,86,47,10,1303,687,Reels,#SeasonalFashion,Female,13-17
297,142,59,93,8,4032,13,Photos,#SeasonalFashion,Female,13-17
298,111,168,28,9,1705,18,Reels,#SeasonalFashion,Female,13-17
299,181,117,19,7,1585,842,Photos,#SeasonalFashion,Female,25-34
300,119,91,4,6,3101,402,Photos,#SeasonalFashion,Female,25-34
301,150,20,24,3,2833,986,Reels,#SeasonalFashion,Female,25-34
302,19,156,63,10,2907,148,Reels,#SeasonalFashion,Female,25-34
303,173,71,78,7,1055,320,Photos,#SeasonalFashion,Female,25-34
304,194,57,61,0,1973,868,Photos,#SeasonalFashion,Female,25-34
305,105,100,62,1,3038,4,Reels,#SeasonalFashion,Female,25-34
306,187,148,59,5,3540,27,Reels,#SeasonalFashion,Female,25-34
307,67,161,29,5,3088,659,Reels,#SeasonalFashion,Female,25-34
308,65,192,29,6,2000,211,Reels,#SeasonalFashion,Female,25-34
309,152,69,18,1,4008,676,Photos,#SeasonalFashion,Female,25-34
310,184,158,23,4,4497,326,Reels,#SeasonalFashion,Female,25-34
311,181,15,64,9,1964,392,Reels,#SeasonalFashion,Female,25-34
312,188,111,9,5,809,584,Reels,#SeasonalFashion,Female,25-34
313,16,37,58,7,895,756,Reels,#SeasonalFashion,Female,25-34
314,104,189,67,8,1945,521,Reels,#SeasonalFashion,Female,25-34
315,67,160,13,2,2076,766,Photos,#SeasonalFashion,Female,25-34
316,149,125,26,6,2752,625,Reels,#SeasonalFashion,Female,25-34
317,94,113,23,9,3668,146,Reels,#SeasonalFashion,Female,25-34
318,23,184,79,4,3404,727,Reels,#SeasonalFashion,Female,25-34
319,170,171,62,2,3992,55,Photos,#SeasonalFashion,Female,45-50+
320,169,188,28,3,1331,751,Photos,#SeasonalFashion,Female,45-50+
321,172,50,15,10,1229,969,Reels,#SeasonalFashion,Male,35-44
322,166,92,54,3,920,55,Photos,#SeasonalFashion,Unisex,35-44
323,48,96,61,3,3932,898,Photos,#SeasonalFashion,Male,35-44
324,195,55,90,10,4932,941,Reels,#SeasonalFashion,Male,35-44
325,57,91,75,2,510,342,Reels,#SeasonalFashion,Unisex,35-44
326,84,69,60,1,2617,930,Reels,#SeasonalFashion,Male,35-44
327,144,49,64,1,2792,861,Reels,#SeasonalFashion,Male,45-50+
328,166,166,91,4,430,801,Reels,#SeasonalFashion,Unisex,35-44
329,91,142,70,1,2615,222,Photos,#SeasonalFashion,Male,45-50+
330,77,174,52,4,4007,624,Photos,#SeasonalFashion,Male,45-50+
331,86,56,68,8,3927,711,Reels,#SeasonalFashion,Male,45-50+
332,162,192,23,8,475,596,Photos,#SeasonalFashion,Unisex,35-44
333,178,92,62,8,1613,704,Photos,#SeasonalFashion,Male,45-50+
334,0,29,58,2,4783,602,Reels,#SeasonalFashion,Male,45-50+
335,149,68,24,6,1537,690,Reels,#SeasonalFashion,Male,45-50+
336,147,188,52,9,712,750,Photos,#SeasonalFashion,Unisex,35-44
337,63,128,48,10,2719,854,Reels,#SeasonalFashion,Male,45-50+
338,65,31,7,4,405,96,Reels,#SeasonalFashion,Unisex,45-50+
339,87,58,25,5,4435,555,Reels,#SeasonalFashion,Female,35-44
340,76,15,51,8,4958,799,Reels,#SeasonalFashion,Female,35-44
341,8,27,14,8,2340,482,Reels,#SeasonalFashion,Female,35-44
342,104,106,83,4,3679,470,Photos,#SeasonalFashion,Female,35-44
343,183,31,93,10,3420,683,Reels,#SeasonalFashion,Female,35-44
344,167,33,27,4,456,309,Photos,#SeasonalFashion,Unisex,45-50+
345,177,95,65,4,3202,826,Photos,#SeasonalFashion,Male,45-50+
346,118,30,24,6,1266,480,Photos,#SeasonalFashion,Male,45-50+
347,50,33,5,3,200,270,Reels,#SeasonalFashion,Unisex,45-50+
348,87,85,1,0,1478,993,Reels,#SeasonalFashion,Male,45-50+
349,151,49,32,10,3642,543,Reels,#SeasonalFashion,Female,45-50+
350,50,200,16,3,547,38,Photos,#SeasonalFashion,Unisex,45-50+
351,87,122,50,1,34,93,Photos,#SeasonalFashion,Unisex,45-50+
352,126,182,56,1,2071,888,Photos,#SeasonalFashion,Female,45-50+
353,117,166,68,5,4537,264,Reels,#SeasonalFashion,Female,45-50+
354,144,148,91,6,3417,838,Reels,#SeasonalFashion,Female,45-50+
355,6,111,21,2,3362,307,Photos,#SeasonalFashion,Female,45-50+
356,86,85,91,10,3192,460,Reels,#SeasonalFashion,Female,35-44
357,59,55,4,5,2902,576,Photos,#SeasonalFashion,Female,35-44
358,12,96,88,4,4855,273,Reels,#SeasonalFashion,Female,35-44
359,5,99,92,5,1625,972,Reels,#SeasonalFashion,Female,35-44
360,25,143,24,2,3828,433,Photos,#SeasonalFashion,Female,35-44
361,124,47,76,6,2383,679,Photos,#CasualFashion,Female,25-34
362,169,25,72,6,3183,742,Reels,#CasualFashion,Female,25-34
363,172,133,46,10,1312,391,Photos,#CasualFashion,Female,25-34
364,193,92,11,5,4866,917,Photos,#CasualFashion,Female,25-34
365,61,139,61,7,4484,814,Reels,#CasualFashion,Female,25-34
366,133,45,47,0,3561,781,Photos,#CasualFashion,Female,25-34
367,104,62,48,5,1067,158,Reels,#CasualFashion,Female,25-34
368,5,92,86,5,1838,13,Photos,#CasualFashion,Female,25-34
369,2,127,59,4,4588,34,Photos,#CasualFashion,Female,25-34
370,33,5,42,5,3974,678,Photos,#CasualFashion,Female,25-34
371,194,170,37,0,4710,14,Reels,#CasualFashion,Female,25-34
372,167,53,42,5,1026,675,Photos,#CasualFashion,Female,25-34
373,32,186,25,1,4692,613,Photos,#CasualFashion,Female,25-34
374,68,24,46,3,2735,622,Photos,#CasualFashion,Female,25-34
375,138,42,87,2,4666,457,Photos,#CasualFashion,Female,25-34
376,99,59,23,6,111,282,Photos,#CasualFashion,Female,25-34
377,54,90,97,5,2421,174,Photos,#CasualFashion,Female,25-34
378,167,90,46,5,612,642,Reels,#CasualFashion,Female,25-34
379,195,78,85,1,799,40,Reels,#CasualFashion,Female,25-34
380,138,159,99,2,4727,64,Photos,#CasualFashion,Female,25-34
381,78,149,29,0,4872,29,Photos,#CasualFashion,Female,35-44
382,183,84,71,1,3075,283,Photos,#CasualFashion,Female,35-44
383,200,70,36,10,2686,566,Reels,#CasualFashion,Female,35-44
384,197,80,65,0,4098,5,Photos,#CasualFashion,Female,35-44
385,53,64,2,6,3250,975,Photos,#CasualFashion,Female,35-44
386,74,90,85,10,4337,88,Photos,#CasualFashion,Female,35-44
387,109,167,38,0,3624,246,Reels,#CasualFashion,Female,35-44
388,135,85,17,9,1899,395,Reels,#CasualFashion,Female,35-44
389,189,86,41,4,4976,373,Photos,#CasualFashion,Female,35-44
390,60,189,92,6,4711,848,Photos,#CasualFashion,Female,35-44
391,172,35,94,8,281,763,Photos,#CasualFashion,Female,35-44
392,25,96,86,4,1064,145,Photos,#CasualFashion,Female,35-44
393,163,73,70,9,4134,786,Photos,#CasualFashion,Female,35-44
394,72,27,9,3,1583,424,Photos,#CasualFashion,Female,35-44
395,192,98,56,6,3506,160,Reels,#CasualFashion,Female,35-44
396,183,191,39,5,829,57,Photos,#CasualFashion,Female,13-17
397,103,34,98,0,678,695,Photos,#CasualFashion,Female,13-17
398,161,83,75,6,4934,862,Photos,#CasualFashion,Female,13-17
399,88,84,29,8,2367,682,Reels,#CasualFashion,Female,18 -24
400,158,15,83,2,1194,836,Reels,#CasualFashion,Female,18 -24
401,159,53,73,10,2602,740,Reels,#CasualFashion,Female,18 -24
402,176,46,48,9,4502,220,Reels,#CasualFashion,Female,18 -24
403,182,23,34,10,4512,745,Photos,#CasualFashion,Female,18 -24
404,177,43,18,4,2218,507,Photos,#CasualFashion,Female,18 -24
405,99,68,1,9,936,43,Photos,#CasualFashion,Female,18 -24
406,126,176,51,10,2289,191,Reels,#CasualFashion,Female,45-50+
407,12,101,35,8,1750,471,Photos,#CasualFashion,Female,45-50+
408,141,42,28,9,4175,626,Photos,#CasualFashion,Female,45-50+
409,123,74,82,1,3925,222,Photos,#CasualFashion,Female,45-50+
410,150,117,63,6,3959,839,Reels,#CasualFashion,Female,45-50+
411,47,34,68,1,331,893,Photos,#CasualFashion,Male,18 -24
412,87,82,25,0,228,683,Photos,#CasualFashion,Male,18 -24
413,5,164,81,10,4894,196,Photos,#CasualFashion,Male,18 -24
414,171,15,89,3,296,520,Reels,#CasualFashion,Male,18 -24
415,14,168,23,0,4784,403,Photos,#CasualFashion,Male,18 -24
416,12,143,11,5,4936,646,Reels,#CasualFashion,Male,18 -24
417,10,33,5,4,734,704,Reels,#CasualFashion,Male,18 -24
418,127,178,53,9,2356,686,Reels,#CasualFashion,Male,18 -24
419,43,106,92,9,1616,630,Photos,#CasualFashion,Male,18 -24
420,69,3,28,8,1778,526,Reels,#CasualFashion,Male,18 -24
421,78,150,56,2,3871,281,Reels,#CasualFashion,Male,18 -24
422,199,56,42,7,1246,533,Photos,#CasualFashion,Male,18 -24
423,87,95,77,1,348,811,Photos,#CasualFashion,Male,18 -24
424,167,174,79,5,570,916,Photos,#CasualFashion,Male,18 -24
425,3,191,70,9,4540,40,Reels,#CasualFashion,Male,18 -24
426,94,124,92,3,3477,629,Reels,#CasualFashion,Male,35-44
427,182,191,12,9,373,370,Reels,#CasualFashion,Male,35-44
428,183,21,69,1,3313,102,Reels,#CasualFashion,Male,35-44
429,191,24,14,9,4366,941,Reels,#CasualFashion,Male,35-44
430,187,173,9,4,1427,776,Photos,#CasualFashion,Male,35-44
431,69,18,38,8,1378,803,Reels,#CasualFashion,Male,35-44
432,1,82,31,2,4609,423,Reels,#CasualFashion,Male,35-44
433,185,183,63,9,4961,495,Photos,#CasualFashion,Male,35-44
434,38,62,60,5,3024,70,Reels,#CasualFashion,Male,35-44
435,45,130,95,3,4694,16,Reels,#CasualFashion,Male,35-44
436,77,191,81,1,3168,935,Photos,#CasualFashion,Male,13-17
437,156,139,30,1,1207,16,Reels,#CasualFashion,Male,13-17
438,189,158,88,6,507,12,Reels,#CasualFashion,Male,13-17
439,121,16,25,0,3295,161,Reels,#CasualFashion,Male,13-17
440,69,180,24,9,2877,250,Reels,#CasualFashion,Male,13-17
441,100,57,7,3,1707,760,Reels,#CasualFashion,Male,25-34
442,57,10,38,6,2832,610,Photos,#CasualFashion,Male,25-34
443,75,150,17,10,125,231,Reels,#CasualFashion,Male,25-34
444,118,28,39,3,2200,901,Photos,#CasualFashion,Male,25-34
445,147,24,21,9,3073,888,Photos,#CasualFashion,Male,25-34
446,36,192,46,9,1835,66,Reels,#CasualFashion,Male,25-34
447,55,113,66,0,3923,998,Reels,#CasualFashion,Male,25-34
448,73,46,86,7,4503,544,Reels,#CasualFashion,Male,45-50+
449,151,20,83,10,2074,670,Photos,#CasualFashion,Male,45-50+
450,70,46,100,1,2794,700,Reels,#CasualFashion,Male,45-50+
451,197,36,53,0,2528,517,Reels,#CasualFashion,Unisex,13-17
452,196,168,30,5,4114,692,Reels,#CasualFashion,Unisex,18 -24
453,29,74,71,7,883,146,Reels,#CasualFashion,Unisex,25-34
454,188,134,87,2,2901,620,Photos,#CasualFashion,Unisex,35-44
455,123,62,33,1,4844,731,Reels,#CasualFashion,Unisex,45-50+
456,8,19,3,2,3374,226,Reels,#CasualFashion,Unisex,13-17
457,15,75,99,1,4012,57,Reels,#CasualFashion,Unisex,18 -24
458,44,193,21,3,54,454,Photos,#CasualFashion,Unisex,25-34
459,81,186,7,10,4746,722,Reels,#CasualFashion,Unisex,35-44
460,18,190,92,10,1867,332,Photos,#CasualFashion,Unisex,45-50+
461,107,67,78,1,1636,0,Reels,#CasualFashion,Unisex,13-17
462,131,53,5,0,1066,170,Reels,#CasualFashion,Unisex,18 -24
463,150,91,20,5,3911,657,Reels,#CasualFashion,Unisex,25-34
464,74,131,1,0,481,415,Photos,#CasualFashion,Unisex,35-44
465,181,19,86,4,2160,67,Photos,#CasualFashion,Unisex,45-50+
466,128,133,19,8,2167,406,Reels,#CasualFashion,Unisex,13-17
467,9,130,59,9,1605,816,Photos,#CasualFashion,Unisex,18 -24
468,121,145,4,3,776,520,Photos,#CasualFashion,Unisex,25-34
469,176,42,31,0,1506,914,Reels,#CasualFashion,Unisex,35-44
470,166,51,38,6,2641,186,Reels,#CasualFashion,Unisex,45-50+
471,174,67,7,4,1402,907,Photos,#CasualFashion,Unisex,13-17
472,151,153,94,5,46,55,Reels,#CasualFashion,Unisex,18 -24
473,31,67,32,8,2043,767,Reels,#CasualFashion,Unisex,25-34
474,155,108,88,7,4780,961,Photos,#CasualFashion,Unisex,35-44
475,101,167,43,4,3110,918,Photos,#CasualFashion,Unisex,45-50+
476,88,131,90,3,4001,834,Reels,#CasualFashion,Unisex,13-17
477,155,114,94,1,4150,190,Reels,#CasualFashion,Unisex,18 -24
478,145,109,30,3,2923,680,Photos,#CasualFashion,Unisex,25-34
479,116,167,97,10,1565,903,Reels,#CasualFashion,Unisex,35-44
480,89,8,65,0,1708,452,Photos,#CasualFashion,Unisex,45-50+
481,68,105,98,3,288,809,Photos,#UrbanStyle,Male,18 -24
482,140,75,61,8,4849,713,Reels,#UrbanStyle,Male,18 -24
483,157,188,20,8,612,584,Reels,#UrbanStyle,Male,18 -24
484,31,158,89,1,1877,138,Photos,#UrbanStyle,Male,18 -24
485,94,150,87,6,1695,680,Photos,#UrbanStyle,Male,18 -24
486,166,69,98,1,3058,585,Photos,#UrbanStyle,Male,18 -24
487,52,139,8,0,4045,555,Reels,#UrbanStyle,Male,18 -24
488,38,122,6,2,1218,382,Reels,#UrbanStyle,Male,18 -24
489,133,189,5,6,727,552,Photos,#UrbanStyle,Male,18 -24
490,164,173,24,9,719,134,Reels,#UrbanStyle,Male,18 -24
491,24,183,36,10,2395,115,Reels,#UrbanStyle,Male,18 -24
492,24,181,80,10,1197,596,Photos,#UrbanStyle,Male,18 -24
493,0,150,35,7,4667,83,Reels,#UrbanStyle,Male,18 -24
494,120,27,18,6,343,276,Reels,#UrbanStyle,Male,18 -24
495,158,183,64,10,341,220,Photos,#UrbanStyle,Male,18 -24
496,43,130,42,7,2613,549,Reels,#UrbanStyle,Male,18 -24
497,103,50,39,8,2407,390,Photos,#UrbanStyle,Male,13-17
498,54,78,81,0,4962,443,Reels,#UrbanStyle,Male,13-17
499,2,124,21,0,2003,42,Reels,#UrbanStyle,Male,13-17
500,59,152,84,3,644,176,Photos,#UrbanStyle,Male,13-17
501,27,136,41,1,4684,980,Photos,#UrbanStyle,Male,13-17
502,46,60,78,10,3309,869,Photos,#UrbanStyle,Male,13-17
503,186,89,94,9,3740,824,Reels,#UrbanStyle,Male,13-17
504,186,137,64,2,2877,111,Reels,#UrbanStyle,Male,13-17
505,17,50,92,4,3955,728,Reels,#UrbanStyle,Male,13-17
506,69,129,79,8,159,216,Photos,#UrbanStyle,Male,13-17
507,172,52,70,9,1445,379,Photos,#UrbanStyle,Male,13-17
508,38,25,38,1,3004,915,Reels,#UrbanStyle,Male,13-17
509,179,177,87,4,1085,260,Reels,#UrbanStyle,Male,13-17
510,196,192,81,0,4048,781,Reels,#UrbanStyle,Male,13-17
511,137,104,51,7,1742,379,Reels,#UrbanStyle,Male,25-34
512,38,176,5,9,1724,116,Photos,#UrbanStyle,Male,25-34
513,124,15,90,3,2360,168,Photos,#UrbanStyle,Male,25-34
514,43,141,79,4,733,646,Reels,#UrbanStyle,Male,25-34
515,188,165,25,0,4161,356,Photos,#UrbanStyle,Male,25-34
516,114,160,74,8,3444,930,Photos,#UrbanStyle,Male,25-34
517,185,36,33,8,1770,698,Photos,#UrbanStyle,Male,35-44
518,36,97,16,6,269,485,Photos,#UrbanStyle,Male,35-44
519,9,149,2,2,3596,927,Reels,#UrbanStyle,Male,35-44
520,5,83,77,8,153,840,Photos,#UrbanStyle,Male,35-44
521,173,9,91,3,3384,647,Reels,#UrbanStyle,Male,45-50+
522,195,8,38,10,1453,628,Reels,#UrbanStyle,Male,45-50+
523,147,25,1,2,2476,798,Photos,#UrbanStyle,Unisex,18 -24
524,103,96,38,0,2942,212,Reels,#UrbanStyle,Unisex,18 -24
525,10,29,22,10,536,894,Photos,#UrbanStyle,Unisex,18 -24
526,73,175,40,10,369,296,Photos,#UrbanStyle,Unisex,13-17
527,120,182,0,0,3875,941,Photos,#UrbanStyle,Unisex,25-34
528,199,87,69,5,4791,889,Photos,#UrbanStyle,Unisex,35-44
529,151,14,25,0,3124,285,Reels,#UrbanStyle,Unisex,45-50+
530,16,193,92,5,22,589,Photos,#UrbanStyle,Female,18 -24
531,135,5,96,10,4803,668,Reels,#UrbanStyle,Female,18 -24
532,99,56,16,7,4623,176,Photos,#UrbanStyle,Female,18 -24
533,102,133,13,5,4064,672,Photos,#UrbanStyle,Female,18 -24
534,95,123,97,5,906,118,Photos,#UrbanStyle,Female,18 -24
535,149,44,35,0,1438,602,Photos,#UrbanStyle,Female,18 -24
536,49,111,47,2,1605,961,Reels,#UrbanStyle,Female,18 -24
537,16,69,45,8,1668,150,Reels,#UrbanStyle,Female,18 -24
538,50,145,0,9,1800,14,Reels,#UrbanStyle,Female,18 -24
539,173,156,57,8,3674,286,Photos,#UrbanStyle,Female,18 -24
540,107,187,32,6,2387,139,Reels,#UrbanStyle,Female,18 -24
541,0,168,18,3,1219,752,Reels,#UrbanStyle,Female,18 -24
542,135,99,34,3,261,922,Photos,#UrbanStyle,Female,18 -24
543,1,180,1,8,757,861,Photos,#UrbanStyle,Female,18 -24
544,53,172,69,9,2294,259,Photos,#UrbanStyle,Female,18 -24
545,106,188,85,5,3619,678,Photos,#UrbanStyle,Female,18 -24
546,7,137,97,5,3259,791,Reels,#UrbanStyle,Female,18 -24
547,86,109,16,8,186,293,Photos,#UrbanStyle,Female,18 -24
548,59,120,80,2,3535,57,Photos,#UrbanStyle,Female,18 -24
549,77,100,88,6,835,642,Reels,#UrbanStyle,Female,18 -24
550,21,124,71,7,2905,383,Photos,#UrbanStyle,Female,13-17
551,37,74,48,10,3566,709,Reels,#UrbanStyle,Female,13-17
552,174,133,14,2,4573,344,Reels,#UrbanStyle,Female,13-17
553,8,43,95,3,4134,350,Photos,#UrbanStyle,Female,13-17
554,93,83,14,2,3165,821,Photos,#UrbanStyle,Female,13-17
555,1,14,79,7,2763,324,Photos,#UrbanStyle,Female,13-17
556,112,77,28,4,347,382,Reels,#UrbanStyle,Female,13-17
557,157,14,21,7,337,111,Photos,#UrbanStyle,Female,13-17
558,105,70,34,4,3625,865,Reels,#UrbanStyle,Female,13-17
559,121,181,40,5,1769,835,Photos,#UrbanStyle,Female,13-17
560,14,53,27,5,851,477,Reels,#UrbanStyle,Female,13-17
561,197,12,51,8,4858,438,Photos,#UrbanStyle,Female,13-17
562,43,133,99,1,1535,338,Photos,#UrbanStyle,Female,13-17
563,62,171,51,9,2908,940,Reels,#UrbanStyle,Female,13-17
564,196,132,62,7,2483,587,Reels,#UrbanStyle,Female,13-17
565,145,139,93,6,3574,509,Reels,#UrbanStyle,Female,25-34
566,166,120,19,0,748,508,Photos,#UrbanStyle,Female,25-34
567,146,21,39,0,3358,284,Reels,#UrbanStyle,Female,25-34
568,158,39,21,8,4316,291,Photos,#UrbanStyle,Female,25-34
569,196,171,46,6,2814,845,Reels,#UrbanStyle,Female,25-34
570,120,69,74,8,3436,934,Reels,#UrbanStyle,Female,25-34
571,176,16,97,6,4165,633,Reels,#UrbanStyle,Female,25-34
572,199,7,37,7,1338,123,Reels,#UrbanStyle,Female,35-44
573,192,61,61,4,673,800,Photos,#UrbanStyle,Female,35-44
574,25,52,27,9,32,132,Photos,#UrbanStyle,Female,35-44
575,59,157,9,6,798,862,Reels,#UrbanStyle,Female,35-44
576,27,26,47,1,686,183,Photos,#UrbanStyle,Female,35-44
577,88,132,90,10,45,627,Photos,#UrbanStyle,Female,35-44
578,172,177,39,0,1926,42,Photos,#UrbanStyle,Female,45-50+
579,3,114,26,9,3133,852,Photos,#UrbanStyle,Female,45-50+
580,122,112,64,7,1467,386,Photos,#UrbanStyle,Female,45-50+
581,143,137,97,3,1329,988,Photos,#ActiveWear,Male,18 -24
582,60,109,61,8,4431,59,Photos,#ActiveWear,Male,18 -24
583,128,80,27,4,476,244,Photos,#ActiveWear,Male,18 -24
584,92,52,64,2,189,720,Photos,#ActiveWear,Male,18 -24
585,140,21,54,4,4953,498,Photos,#ActiveWear,Male,18 -24
586,59,143,98,4,3760,138,Reels,#ActiveWear,Male,18 -24
587,87,117,36,4,2656,158,Photos,#ActiveWear,Male,18 -24
588,136,23,47,9,358,184,Photos,#ActiveWear,Male,18 -24
589,191,103,64,10,1321,784,Photos,#ActiveWear,Male,18 -24
590,133,168,61,10,1851,802,Reels,#ActiveWear,Male,18 -24
591,71,7,18,9,2158,381,Reels,#ActiveWear,Male,18 -24
592,192,178,15,7,4557,361,Photos,#ActiveWear,Male,18 -24
593,95,90,59,6,623,710,Reels,#ActiveWear,Male,18 -24
594,10,35,68,8,4524,253,Reels,#ActiveWear,Male,18 -24
595,108,117,57,10,3619,904,Photos,#ActiveWear,Male,18 -24
596,24,107,47,2,1127,239,Reels,#ActiveWear,Male,35-44
597,123,145,64,8,4590,619,Photos,#ActiveWear,Male,35-44
598,88,15,10,7,380,216,Photos,#ActiveWear,Male,35-44
599,58,89,99,2,1299,731,Photos,#ActiveWear,Male,35-44
600,124,129,45,0,3373,2,Photos,#ActiveWear,Male,35-44
601,62,144,11,1,4174,338,Photos,#ActiveWear,Male,35-44
602,70,185,47,2,567,583,Reels,#ActiveWear,Male,35-44
603,96,142,81,1,2349,20,Photos,#ActiveWear,Male,35-44
604,23,32,61,9,4518,789,Photos,#ActiveWear,Male,45-50+
605,67,35,64,1,3398,902,Photos,#ActiveWear,Male,45-50+
606,142,122,91,1,38,199,Reels,#ActiveWear,Male,45-50+
607,113,28,64,0,890,831,Photos,#ActiveWear,Male,45-50+
608,184,160,0,2,3586,935,Reels,#ActiveWear,Male,45-50+
609,68,9,32,8,90,150,Photos,#ActiveWear,Male,45-50+
610,4,0,24,4,2420,399,Photos,#ActiveWear,Male,45-50+
611,156,20,39,4,4119,442,Photos,#ActiveWear,Male,25-34
612,200,46,74,8,1360,697,Photos,#ActiveWear,Male,25-34
613,199,87,8,6,662,357,Photos,#ActiveWear,Male,25-34
614,18,186,11,7,4409,188,Photos,#ActiveWear,Male,25-34
615,163,32,80,0,4161,406,Reels,#ActiveWear,Male,25-34
616,26,100,59,8,1819,481,Photos,#ActiveWear,Male,25-34
617,178,51,90,2,3515,28,Reels,#ActiveWear,Male,13-17
618,2,164,64,8,1629,538,Photos,#ActiveWear,Male,13-17
619,145,55,23,0,4811,730,Reels,#ActiveWear,Male,13-17
620,95,28,86,8,472,222,Photos,#ActiveWear,Male,13-17
621,131,80,91,3,3877,252,Photos,#ActiveWear,Female,18 -24
622,48,186,19,4,1741,728,Photos,#ActiveWear,Female,18 -24
623,196,170,74,2,1925,231,Reels,#ActiveWear,Female,18 -24
624,142,158,54,2,3181,27,Reels,#ActiveWear,Female,18 -24
625,91,46,11,7,820,471,Photos,#ActiveWear,Female,18 -24
626,67,166,81,7,3462,28,Reels,#ActiveWear,Female,18 -24
627,118,144,77,3,1254,962,Reels,#ActiveWear,Female,18 -24
628,73,58,11,10,4268,463,Reels,#ActiveWear,Female,18 -24
629,65,43,42,8,4060,598,Photos,#ActiveWear,Female,35-44
630,58,69,9,2,3289,386,Photos,#ActiveWear,Female,35-44
631,150,158,15,9,3333,341,Photos,#ActiveWear,Female,35-44
632,139,20,42,6,752,756,Reels,#ActiveWear,Female,45-50+
633,67,99,20,10,84,402,Photos,#ActiveWear,Female,45-50+
634,72,138,44,9,3163,36,Reels,#ActiveWear,Female,45-50+
635,56,64,90,10,1015,626,Photos,#ActiveWear,Female,45-50+
636,51,54,65,10,495,287,Reels,#ActiveWear,Female,45-50+
637,31,70,15,9,336,808,Reels,#ActiveWear,Female,25-34
638,133,56,86,7,4450,272,Reels,#ActiveWear,Female,25-34
639,171,158,64,3,216,580,Reels,#ActiveWear,Female,25-34
640,120,67,21,0,4242,902,Photos,#ActiveWear,Female,25-34
641,141,110,0,0,3357,747,Reels,#ActiveWear,Female,25-34
642,43,174,71,7,4469,246,Reels,#ActiveWear,Female,25-34
643,14,147,69,8,1083,92,Photos,#ActiveWear,Female,25-34
644,193,119,15,8,2226,938,Photos,#ActiveWear,Female,13-17
645,16,30,40,2,3906,525,Reels,#ActiveWear,Female,13-17
646,121,162,11,4,3695,247,Photos,#ActiveWear,Unisex,13-17
647,195,114,37,3,1906,160,Photos,#ActiveWear,Unisex,18 -24
648,104,25,40,7,4655,819,Reels,#ActiveWear,Unisex,25-34
649,174,46,97,6,112,40,Reels,#ActiveWear,Unisex,35-44
650,128,25,47,5,3874,412,Reels,#ActiveWear,Unisex,45-50+
651,147,62,65,3,3692,293,Reels,#WorkWear,Male,25-34
652,87,108,32,9,4558,558,Photos,#WorkWear,Male,25-34
653,112,4,98,1,3893,121,Photos,#WorkWear,Male,25-34
654,195,46,76,5,4682,874,Photos,#WorkWear,Male,25-34
655,169,99,87,1,2430,789,Reels,#WorkWear,Male,25-34
656,120,188,95,0,4799,880,Reels,#WorkWear,Male,25-34
657,111,105,17,6,1782,499,Reels,#WorkWear,Male,25-34
658,180,85,4,9,554,281,Reels,#WorkWear,Male,25-34
659,7,165,83,4,1141,291,Reels,#WorkWear,Male,25-34
660,128,185,57,9,4415,160,Photos,#WorkWear,Male,25-34
661,159,70,87,9,448,17,Reels,#WorkWear,Male,25-34
662,66,133,28,4,391,514,Photos,#WorkWear,Male,25-34
663,147,48,43,0,66,599,Photos,#WorkWear,Male,25-34
664,87,144,38,8,3939,176,Reels,#WorkWear,Male,25-34
665,166,39,79,3,3081,732,Reels,#WorkWear,Male,25-34
666,148,29,41,9,24,726,Reels,#WorkWear,Male,35-44
667,154,34,93,8,2777,682,Photos,#WorkWear,Male,35-44
668,3,116,56,9,2247,100,Photos,#WorkWear,Male,35-44
669,157,187,38,5,3442,994,Reels,#WorkWear,Male,35-44
670,119,9,6,6,1122,161,Photos,#WorkWear,Male,35-44
671,95,94,29,2,3573,334,Reels,#WorkWear,Male,35-44
672,136,54,84,6,3318,887,Reels,#WorkWear,Male,35-44
673,6,83,35,6,2808,960,Photos,#WorkWear,Male,35-44
674,75,18,73,3,2396,554,Photos,#WorkWear,Male,18 -24
675,144,94,37,4,2042,600,Reels,#WorkWear,Male,18 -24
676,18,33,65,10,1214,689,Reels,#WorkWear,Male,18 -24
677,168,83,3,6,1680,371,Photos,#WorkWear,Male,18 -24
678,192,94,19,1,4953,928,Reels,#WorkWear,Male,18 -24
679,83,13,30,9,1810,562,Reels,#WorkWear,Male,18 -24
680,143,194,94,5,1371,427,Reels,#WorkWear,Male,18 -24
681,30,3,49,7,4535,921,Reels,#WorkWear,Male,45-50+
682,8,93,32,5,1094,365,Photos,#WorkWear,Male,45-50+
683,59,41,41,7,4769,772,Photos,#WorkWear,Male,45-50+
684,146,36,48,5,356,786,Photos,#WorkWear,Male,13-17
685,45,190,9,6,3227,796,Reels,#WorkWear,Male,13-17
686,174,85,37,7,1438,622,Photos,#WorkWear,Female,25-34
687,116,178,40,0,2551,290,Reels,#WorkWear,Female,25-34
688,197,80,95,0,2157,806,Photos,#WorkWear,Female,25-34
689,132,175,13,5,4302,434,Reels,#WorkWear,Female,25-34
690,89,91,5,0,4138,901,Photos,#WorkWear,Female,25-34
691,197,140,59,8,2466,930,Photos,#WorkWear,Female,25-34
692,15,41,98,6,3091,891,Reels,#WorkWear,Female,35-44
693,65,61,52,2,4426,833,Reels,#WorkWear,Female,35-44
694,67,27,64,0,4943,413,Photos,#WorkWear,Female,35-44
695,98,77,84,1,456,900,Reels,#WorkWear,Female,35-44
696,165,86,88,10,2404,410,Photos,#WorkWear,Female,35-44
697,14,103,46,8,3429,878,Photos,#WorkWear,Female,18 -24
698,78,182,67,7,3977,857,Reels,#WorkWear,Female,18 -24
699,191,123,8,3,3441,355,Photos,#WorkWear,Female,18 -24
700,109,7,100,9,3810,516,Reels,#WorkWear,Female,18 -24
701,44,143,52,10,2271,558,Reels,#WorkWear,Female,45-50+
702,165,150,36,6,3990,675,Photos,#WorkWear,Female,45-50+
703,134,160,21,1,2964,479,Photos,#WorkWear,Female,45-50+
704,122,130,79,7,4133,703,Photos,#WorkWear,Female,13-17
705,51,81,3,5,2038,821,Reels,#WorkWear,Female,13-17
706,65,39,22,3,1238,567,Reels,#WorkWear,Unisex,13-17
707,140,192,49,3,1032,531,Reels,#WorkWear,Unisex,18 -24
708,150,194,90,0,3996,215,Photos,#WorkWear,Unisex,25-34
709,47,156,0,8,802,902,Reels,#WorkWear,Unisex,35-44
710,27,162,63,8,58,106,Reels,#WorkWear,Unisex,45-50+
711,176,5,64,9,1735,486,Photos,#FootWearFashion,Male,18 -24
712,183,178,84,3,3863,761,Photos,#FootWearFashion,Male,18 -24
713,158,40,51,6,3643,872,Photos,#FootWearFashion,Male,18 -24
714,89,150,68,7,820,585,Photos,#FootWearFashion,Male,18 -24
715,73,125,71,1,3240,729,Photos,#FootWearFashion,Male,18 -24
716,178,111,6,9,4748,534,Reels,#FootWearFashion,Male,18 -24
717,48,140,74,4,2012,944,Reels,#FootWearFashion,Male,13-17
718,82,8,32,9,4519,412,Reels,#FootWearFashion,Male,13-17
719,81,13,77,6,3948,865,Reels,#FootWearFashion,Male,13-17
720,54,37,98,6,2400,41,Photos,#FootWearFashion,Male,13-17
721,168,87,69,3,1658,552,Reels,#FootWearFashion,Male,13-17
722,27,16,23,6,873,693,Photos,#FootWearFashion,Male,13-17
723,130,159,50,8,961,120,Photos,#FootWearFashion,Male,13-17
724,128,68,72,8,4809,298,Reels,#FootWearFashion,Male,13-17
725,4,154,87,1,1997,556,Reels,#FootWearFashion,Male,25-34
726,17,166,13,5,766,0,Photos,#FootWearFashion,Male,25-34
727,170,182,17,4,411,884,Reels,#FootWearFashion,Male,25-34
728,191,193,25,2,1776,686,Photos,#FootWearFashion,Male,25-34
729,196,194,36,2,795,738,Photos,#FootWearFashion,Male,35-44
730,159,162,67,0,3408,475,Photos,#FootWearFashion,Male,35-44
731,141,197,76,4,4988,663,Photos,#FootWearFashion,Male,35-44
732,110,176,41,3,2184,498,Photos,#FootWearFashion,Male,45-50+
733,1,70,20,0,3664,586,Reels,#FootWearFashion,Male,45-50+
734,2,176,26,0,3821,224,Reels,#FootWearFashion,Male,45-50+
735,50,39,86,3,1064,866,Reels,#FootWearFashion,Male,45-50+
736,34,64,12,8,3100,570,Photos,#FootWearFashion,Female,18 -24
737,129,106,50,3,368,869,Reels,#FootWearFashion,Female,18 -24
738,143,75,50,1,722,198,Reels,#FootWearFashion,Female,18 -24
739,108,171,56,1,2406,813,Photos,#FootWearFashion,Female,18 -24
740,29,88,52,5,712,373,Reels,#FootWearFashion,Female,18 -24
741,15,139,15,8,3400,347,Reels,#FootWearFashion,Female,18 -24
742,130,14,18,8,3528,531,Photos,#FootWearFashion,Female,18 -24
743,188,145,26,9,2228,884,Reels,#FootWearFashion,Female,18 -24
744,47,196,14,7,3000,848,Photos,#FootWearFashion,Female,13-17
745,44,45,6,10,2127,451,Reels,#FootWearFashion,Female,13-17
746,109,80,88,9,2898,858,Photos,#FootWearFashion,Female,13-17
747,163,33,100,4,3641,126,Photos,#FootWearFashion,Female,13-17
748,57,32,30,8,235,870,Reels,#FootWearFashion,Female,13-17
749,79,126,19,0,4044,596,Reels,#FootWearFashion,Female,13-17
750,19,138,72,6,2824,294,Reels,#FootWearFashion,Female,25-34
751,80,79,17,8,3788,878,Photos,#FootWearFashion,Female,25-34
752,62,147,21,2,1252,773,Photos,#FootWearFashion,Female,25-34
753,169,106,84,6,3232,693,Reels,#FootWearFashion,Female,25-34
754,194,58,71,3,2085,669,Photos,#FootWearFashion,Female,35-44
755,100,78,0,6,3972,14,Photos,#FootWearFashion,Female,35-44
756,57,36,24,5,3803,270,Photos,#FootWearFashion,Female,35-44
757,132,114,3,7,884,439,Reels,#FootWearFashion,Female,35-44
758,83,132,27,6,4453,9,Photos,#FootWearFashion,Female,45-50+
759,67,166,10,9,1513,542,Photos,#FootWearFashion,Female,45-50+
760,117,28,12,2,1536,950,Photos,#FootWearFashion,Female,45-50+
761,52,111,66,3,1089,321,Reels,#FootWearFashion,Unisex,18 -24
762,185,12,26,9,2829,892,Photos,#FootWearFashion,Unisex,18 -24
763,38,39,66,1,3016,989,Photos,#FootWearFashion,Unisex,18 -24
764,178,95,24,10,3595,73,Photos,#FootWearFashion,Unisex,18 -24
765,36,170,98,7,2902,630,Photos,#FootWearFashion,Unisex,18 -24
766,65,80,29,7,4531,933,Reels,#FootWearFashion,Unisex,18 -24
767,150,181,63,7,1755,613,Photos,#FootWearFashion,Unisex,18 -24
768,130,26,98,10,295,827,Photos,#FootWearFashion,Unisex,18 -24
769,68,21,56,7,4570,260,Reels,#FootWearFashion,Unisex,18 -24
770,171,159,30,1,2207,670,Photos,#FootWearFashion,Unisex,18 -24
771,37,117,45,9,376,723,Reels,#FootWearFashion,Unisex,13-17
772,145,155,85,3,4215,223,Reels,#FootWearFashion,Unisex,13-17
773,156,196,4,5,1124,929,Reels,#FootWearFashion,Unisex,13-17
774,39,152,12,9,3555,747,Reels,#FootWearFashion,Unisex,13-17
775,26,89,92,0,1870,660,Reels,#FootWearFashion,Unisex,13-17
776,26,156,27,0,4954,969,Reels,#FootWearFashion,Unisex,13-17
777,46,97,90,9,4248,968,Photos,#FootWearFashion,Unisex,13-17
778,112,141,53,0,3866,107,Reels,#FootWearFashion,Unisex,13-17
779,156,70,81,6,3205,132,Photos,#FootWearFashion,Unisex,13-17
780,96,160,55,8,4279,401,Reels,#FootWearFashion,Unisex,13-17
781,70,131,39,2,200,61,Reels,#FootWearFashion,Unisex,25-34
782,41,191,89,4,1739,371,Photos,#FootWearFashion,Unisex,25-34
783,39,189,43,10,2682,643,Reels,#FootWearFashion,Unisex,25-34
784,142,172,14,7,82,946,Photos,#FootWearFashion,Unisex,35-44
785,163,45,4,8,1238,376,Photos,#FootWearFashion,Unisex,35-44
786,87,153,41,8,4622,385,Reels,#FootWearFashion,Unisex,35-44
787,171,91,16,5,4962,332,Reels,#FootWearFashion,Unisex,45-50+
788,67,154,88,0,4630,536,Reels,#FootWearFashion,Unisex,45-50+
789,128,36,0,7,2519,80,Reels,#FootWearFashion,Unisex,45-50+
790,45,167,38,6,700,645,Photos,#FootWearFashion,Unisex,45-50+
791,144,78,48,7,1671,879,Reels,#HandAccessory,Female,18 -24
792,185,37,56,1,3629,994,Photos,#HandAccessory,Female,18 -24
793,96,49,49,3,339,882,Photos,#HandAccessory,Female,18 -24
794,44,121,80,4,1955,97,Photos,#HandAccessory,Female,18 -24
795,58,125,62,9,118,569,Photos,#HandAccessory,Female,18 -24
796,136,198,14,4,4101,552,Photos,#HandAccessory,Female,18 -24
797,3,126,87,0,4572,737,Photos,#HandAccessory,Female,18 -24
798,0,4,86,2,1782,398,Photos,#HandAccessory,Female,18 -24
799,21,156,46,2,3465,598,Photos,#HandAccessory,Female,18 -24
800,115,172,68,1,4655,763,Photos,#HandAccessory,Female,18 -24
801,41,192,24,7,4991,920,Reels,#HandAccessory,Female,25-34
802,68,111,49,7,4675,223,Photos,#HandAccessory,Female,25-34
803,47,85,40,5,170,173,Reels,#HandAccessory,Female,25-34
804,87,183,33,7,138,704,Photos,#HandAccessory,Female,25-34
805,68,127,23,2,3930,3,Reels,#HandAccessory,Female,25-34
806,97,79,5,1,2812,647,Photos,#HandAccessory,Female,25-34
807,143,173,13,4,811,618,Reels,#HandAccessory,Female,25-34
808,112,169,55,8,1034,965,Photos,#HandAccessory,Female,25-34
809,49,180,97,8,4276,652,Photos,#HandAccessory,Female,13-17
810,131,55,26,7,4527,959,Photos,#HandAccessory,Female,13-17
811,133,118,55,1,682,38,Reels,#HandAccessory,Female,13-17
812,80,92,56,2,2901,24,Photos,#HandAccessory,Female,13-17
813,44,182,30,3,2166,319,Reels,#HandAccessory,Female,13-17
814,91,169,30,8,2525,829,Reels,#HandAccessory,Female,13-17
815,119,49,59,8,2897,514,Reels,#HandAccessory,Female,35-44
816,121,76,74,0,3724,366,Reels,#HandAccessory,Female,35-44
817,106,99,91,10,2608,260,Photos,#HandAccessory,Female,35-44
818,74,124,97,7,3067,430,Photos,#HandAccessory,Female,35-44
819,194,176,1,3,4672,865,Photos,#HandAccessory,Female,45-50+
820,42,102,34,0,3718,825,Reels,#HandAccessory,Female,45-50+
821,11,73,8,1,3740,793,Photos,#HandAccessory,Unisex,13-17
822,60,159,5,7,2354,449,Photos,#HandAccessory,Unisex,18 -24
823,63,106,11,2,3042,667,Photos,#HandAccessory,Unisex,25-34
824,154,100,39,4,2187,98,Reels,#HandAccessory,Unisex,35-44
825,134,143,58,3,4783,876,Reels,#HandAccessory,Unisex,45-50+
826,1,123,3,10,4978,759,Reels,#HandAccessory,Unisex,13-17
827,128,58,15,4,2898,249,Reels,#HandAccessory,Unisex,18 -24
828,53,134,68,2,1630,61,Reels,#HandAccessory,Unisex,25-34
829,92,51,63,6,2836,882,Reels,#HandAccessory,Unisex,35-44
830,14,48,24,6,1722,563,Photos,#HandAccessory,Unisex,45-50+
831,182,111,21,3,2379,741,Reels,#HandAccessory,Male,18 -24
832,84,150,83,6,604,859,Photos,#HandAccessory,Male,18 -24
833,96,57,28,7,256,833,Reels,#HandAccessory,Male,18 -24
834,22,152,62,0,3237,633,Photos,#HandAccessory,Male,18 -24
835,112,178,6,7,4208,117,Photos,#HandAccessory,Male,18 -24
836,78,81,0,10,1147,782,Photos,#HandAccessory,Male,18 -24
837,11,36,62,10,3683,40,Reels,#HandAccessory,Male,25-34
838,42,17,39,4,2245,254,Reels,#HandAccessory,Male,25-34
839,164,34,59,1,1879,517,Photos,#HandAccessory,Male,25-34
840,26,186,84,1,501,93,Reels,#HandAccessory,Male,25-34
841,122,198,16,9,1343,508,Photos,#HandAccessory,Male,35-44
842,128,75,58,0,3232,3,Photos,#HandAccessory,Male,35-44
843,103,117,38,0,744,244,Photos,#HandAccessory,Male,35-44
844,146,102,51,10,605,731,Reels,#HandAccessory,Male,13-17
845,115,69,16,5,2617,559,Reels,#HandAccessory,Male,13-17
846,129,196,45,3,2137,163,Reels,#HandAccessory,Male,13-17
847,132,153,38,8,2896,720,Reels,#HandAccessory,Male,13-17
848,57,120,18,10,1574,385,Reels,#HandAccessory,Male,45-50+
849,117,177,1,0,3867,810,Reels,#HandAccessory,Male,45-50+
850,193,27,94,1,3033,355,Photos,#HandAccessory,Male,45-50+
851,47,94,100,7,495,740,Photos,#HairAccessory,Female,13-17
852,99,32,44,7,4227,419,Photos,#HairAccessory,Female,13-17
853,167,158,53,0,992,476,Reels,#HairAccessory,Female,13-17
854,160,12,74,5,4660,660,Reels,#HairAccessory,Female,13-17
855,159,34,36,10,4674,550,Photos,#HairAccessory,Female,13-17
856,182,60,68,1,342,741,Photos,#HairAccessory,Female,13-17
857,2,95,60,9,3777,664,Reels,#HairAccessory,Female,13-17
858,73,190,42,8,929,357,Photos,#HairAccessory,Female,13-17
859,103,131,92,9,113,312,Reels,#HairAccessory,Female,13-17
860,158,27,95,5,2307,662,Reels,#HairAccessory,Female,13-17
861,31,125,42,0,4571,412,Reels,#HairAccessory,Female,13-17
862,168,150,14,10,4700,541,Photos,#HairAccessory,Female,13-17
863,61,17,65,6,3110,917,Reels,#HairAccessory,Female,18 -24
864,135,15,20,2,4920,127,Reels,#HairAccessory,Female,18 -24
865,120,58,12,7,3783,652,Reels,#HairAccessory,Female,18 -24
866,144,84,97,9,2068,902,Reels,#HairAccessory,Female,18 -24
867,11,98,76,6,3638,25,Photos,#HairAccessory,Female,18 -24
868,167,161,58,9,4248,377,Photos,#HairAccessory,Female,18 -24
869,115,155,68,0,31,214,Photos,#HairAccessory,Female,18 -24
870,157,196,70,4,1758,237,Photos,#HairAccessory,Female,18 -24
871,146,93,28,4,2065,726,Photos,#HairAccessory,Female,25-34
872,191,124,58,9,4261,179,Reels,#HairAccessory,Female,25-34
873,107,14,62,9,1214,440,Reels,#HairAccessory,Female,25-34
874,60,40,33,4,4485,447,Photos,#HairAccessory,Female,25-34
875,149,174,34,7,2177,446,Reels,#HairAccessory,Female,25-34
876,170,73,22,3,3406,12,Reels,#HairAccessory,Female,25-34
877,127,145,78,8,68,460,Photos,#HairAccessory,Female,25-34
878,56,11,8,2,4616,912,Reels,#HairAccessory,Female,35-44
879,178,197,94,10,1151,677,Photos,#HairAccessory,Female,35-44
880,113,182,99,0,3086,731,Reels,#HairAccessory,Female,35-44
881,4,96,77,10,769,802,Photos,#HairAccessory,Female,35-44
882,20,188,46,4,3337,681,Photos,#HairAccessory,Female,35-44
883,4,115,41,5,2394,423,Reels,#HairAccessory,Female,45-50+
884,67,170,56,7,2339,233,Photos,#HairAccessory,Female,45-50+
885,21,129,7,9,330,18,Photos,#HairAccessory,Female,45-50+
886,81,107,16,8,966,19,Photos,#HairAccessory,Male,13-17
887,133,192,44,5,141,910,Reels,#HairAccessory,Male,18 -24
888,174,47,75,2,1043,607,Reels,#HairAccessory,Male,25-34
889,53,145,76,9,3197,881,Photos,#HairAccessory,Male,35-44
890,18,184,11,6,427,608,Reels,#HairAccessory,Male,45-50+
891,193,137,47,3,4419,878,Reels,#HairAccessory,Male,13-17
892,193,135,21,10,4257,535,Reels,#HairAccessory,Male,18 -24
893,35,44,48,1,2468,473,Reels,#HairAccessory,Male,25-34
894,2,185,20,4,1363,983,Reels,#HairAccessory,Male,35-44
895,49,23,81,4,3295,277,Photos,#HairAccessory,Male,45-50+
896,94,193,11,1,4547,562,Photos,#HairAccessory,Unisex,13-17
897,185,18,74,8,4337,94,Reels,#HairAccessory,Unisex,18 -24
898,41,200,18,10,3142,700,Reels,#HairAccessory,Unisex,25-34
899,191,13,10,4,4124,841,Photos,#HairAccessory,Unisex,35-44
900,106,88,24,3,1554,350,Photos,#HairAccessory,Unisex,45-50+
901,187,170,47,1,1899,667,Photos,#InnerWear,Male,18 -24
902,136,147,45,10,1628,409,Reels,#InnerWear,Male,18 -24
903,13,98,27,8,682,563,Reels,#InnerWear,Male,18 -24
904,32,72,31,4,763,813,Reels,#InnerWear,Male,18 -24
905,81,179,95,0,2255,158,Reels,#InnerWear,Male,18 -24
906,92,107,22,6,422,499,Reels,#InnerWear,Male,18 -24
907,179,100,92,1,971,817,Photos,#InnerWear,Male,18 -24
908,60,100,50,4,4685,57,Photos,#InnerWear,Male,18 -24
909,94,182,57,2,3759,366,Reels,#InnerWear,Male,18 -24
910,165,140,45,5,1056,481,Photos,#InnerWear,Male,18 -24
911,29,132,92,4,4754,174,Reels,#InnerWear,Male,25-34
912,177,199,49,1,1970,82,Photos,#InnerWear,Male,25-34
913,123,39,45,2,4237,902,Reels,#InnerWear,Male,25-34
914,187,102,55,9,1857,138,Photos,#InnerWear,Male,25-34
915,176,174,90,8,4239,378,Reels,#InnerWear,Male,25-34
916,109,62,97,4,4045,466,Reels,#InnerWear,Male,25-34
917,42,7,42,8,4037,84,Photos,#InnerWear,Male,25-34
918,5,37,0,9,104,63,Photos,#InnerWear,Male,25-34
919,165,116,10,6,2518,179,Photos,#InnerWear,Male,13-17
920,168,85,77,10,3279,78,Photos,#InnerWear,Male,13-17
921,175,40,25,4,1584,117,Photos,#InnerWear,Male,13-17
922,83,41,98,0,388,565,Reels,#InnerWear,Male,13-17
923,152,3,0,1,3878,121,Photos,#InnerWear,Male,13-17
924,38,43,46,2,1644,136,Reels,#InnerWear,Male,13-17
925,115,173,16,9,4478,649,Photos,#InnerWear,Male,35-44
926,145,152,98,9,3772,731,Reels,#InnerWear,Male,35-44
927,7,190,34,8,3770,837,Reels,#InnerWear,Male,35-44
928,121,43,59,5,2016,659,Photos,#InnerWear,Male,35-44
929,185,154,4,1,4290,727,Photos,#InnerWear,Male,45-50+
930,155,185,12,8,2093,304,Photos,#InnerWear,Male,45-50+
931,183,155,76,4,842,745,Reels,#InnerWear,Female,18 -24
932,148,28,26,8,74,496,Reels,#InnerWear,Female,18 -24
933,45,156,69,8,3955,416,Reels,#InnerWear,Female,18 -24
934,37,5,66,2,2440,498,Reels,#InnerWear,Female,18 -24
935,37,188,1,7,1182,468,Reels,#InnerWear,Female,18 -24
936,46,62,43,3,1698,306,Reels,#InnerWear,Female,18 -24
937,112,113,1,1,3159,192,Photos,#InnerWear,Female,18 -24
938,47,156,11,6,4827,844,Photos,#InnerWear,Female,18 -24
939,4,192,10,9,720,248,Reels,#InnerWear,Female,18 -24
940,125,46,59,1,1923,597,Reels,#InnerWear,Female,18 -24
941,18,106,31,4,4553,105,Photos,#InnerWear,Female,18 -24
942,12,154,80,10,1140,992,Photos,#InnerWear,Female,18 -24
943,22,28,80,10,2435,692,Reels,#InnerWear,Female,18 -24
944,132,100,42,1,4607,142,Reels,#InnerWear,Female,18 -24
945,119,53,17,7,4880,963,Reels,#InnerWear,Female,18 -24
946,14,34,50,10,2425,311,Photos,#InnerWear,Female,18 -24
947,72,168,52,3,3023,278,Reels,#InnerWear,Female,18 -24
948,101,161,53,4,2033,198,Photos,#InnerWear,Female,18 -24
949,194,68,82,10,4478,908,Photos,#InnerWear,Female,25-34
950,136,66,69,9,1529,719,Reels,#InnerWear,Female,25-34
951,182,183,84,0,1869,512,Photos,#InnerWear,Female,25-34
952,96,172,27,0,39,159,Photos,#InnerWear,Female,25-34
953,54,106,17,7,3172,927,Photos,#InnerWear,Female,25-34
954,142,42,12,8,2147,420,Photos,#InnerWear,Female,25-34
955,188,125,88,0,2472,749,Reels,#InnerWear,Female,25-34
956,2,53,86,8,4239,34,Photos,#InnerWear,Female,25-34
957,40,34,46,3,435,167,Reels,#InnerWear,Female,25-34
958,150,179,66,5,4747,422,Reels,#InnerWear,Female,25-34
959,121,31,16,6,64,83,Photos,#InnerWear,Female,25-34
960,107,149,57,5,2847,986,Photos,#InnerWear,Female,25-34
961,110,169,6,10,3720,938,Reels,#InnerWear,Female,25-34
962,175,112,66,1,129,504,Photos,#InnerWear,Female,25-34
963,131,83,36,4,4483,165,Photos,#InnerWear,Female,25-34
964,88,199,26,4,3722,474,Photos,#InnerWear,Female,13-17
965,31,132,8,10,2568,279,Reels,#InnerWear,Female,13-17
966,155,10,0,7,1767,695,Reels,#InnerWear,Female,13-17
967,130,127,12,0,1827,34,Reels,#InnerWear,Female,13-17
968,191,180,12,7,2603,850,Photos,#InnerWear,Female,13-17
969,198,52,81,9,155,621,Photos,#InnerWear,Female,13-17
970,86,176,32,10,1230,215,Reels,#InnerWear,Female,13-17
971,191,40,88,1,4857,724,Photos,#InnerWear,Female,13-17
972,135,116,40,1,3795,536,Reels,#InnerWear,Female,13-17
973,84,0,0,0,3986,20,Photos,#InnerWear,Female,13-17
974,58,159,91,9,4785,204,Reels,#InnerWear,Female,13-17
975,190,185,63,0,524,830,Photos,#InnerWear,Female,13-17
976,188,28,56,3,3801,283,Photos,#InnerWear,Female,35-44
977,193,166,95,6,1147,148,Reels,#InnerWear,Female,35-44
978,141,199,49,10,4599,466,Reels,#InnerWear,Female,35-44
979,130,55,33,5,851,474,Photos,#InnerWear,Female,35-44
980,139,52,96,0,3543,520,Photos,#InnerWear,Female,35-44
981,174,92,40,5,992,733,Reels,#InnerWear,Female,35-44
982,95,149,96,9,3903,609,Reels,#InnerWear,Female,35-44
983,137,88,78,3,2302,548,Reels,#InnerWear,Female,35-44
984,123,51,15,7,3733,490,Reels,#InnerWear,Female,35-44
985,17,126,4,10,1581,39,Reels,#InnerWear,Female,35-44
986,125,51,53,6,4580,725,Photos,#InnerWear,Female,45-50+
987,38,161,69,10,2768,361,Reels,#InnerWear,Female,45-50+
988,66,200,27,5,1680,782,Photos,#InnerWear,Female,45-50+
989,130,169,79,2,210,646,Reels,#InnerWear,Female,45-50+
990,66,33,91,2,4977,704,Reels,#InnerWear,Female,45-50+
991,123,40,78,6,3326,88,Reels,#InnerWear,Unisex,13-17
992,39,129,72,6,123,193,Photos,#InnerWear,Unisex,18 -24
993,143,58,89,7,1807,230,Photos,#InnerWear,Unisex,25-34
994,144,91,59,7,3074,151,Photos,#InnerWear,Unisex,35-44
995,53,99,42,3,3241,405,Reels,#InnerWear,Unisex,45-50+
996,13,106,30,7,3105,926,Photos,#InnerWear,Unisex,13-17
997,120,192,75,4,2078,850,Reels,#InnerWear,Unisex,18 -24
998,145,118,85,7,2765,883,Photos,#InnerWear,Unisex,25-34
999,132,165,79,7,4301,699,Photos,#InnerWear,Unisex,35-44
1000,97,136,49,5,1109,209,Photos,#InnerWear,Unisex,45-50+
